dataset,period,rebalance_date,asset,weight
1,1,2007-01-31,F,0.00000000
1,1,2007-01-31,CAT,0.19999991
1,1,2007-01-31,DIS,0.00000000
1,1,2007-01-31,MCD,0.00000000
1,1,2007-01-31,KO,0.00000000
1,1,2007-01-31,PEP,0.00000000
1,1,2007-01-31,WMT,0.00000000
1,1,2007-01-31,C,0.00000000
1,1,2007-01-31,WFC,0.00000050
1,1,2007-01-31,JPM,0.00000000
1,1,2007-01-31,AAPL,0.19999991
1,1,2007-01-31,IBM,0.00000000
1,1,2007-01-31,PFE,0.00000000
1,1,2007-01-31,JNJ,0.00000000
1,1,2007-01-31,XOM,0.19999990
1,1,2007-01-31,MRO,0.19999990
1,1,2007-01-31,ED,0.00000000
1,1,2007-01-31,T,0.00000000
1,1,2007-01-31,VZ,0.00000000
1,1,2007-01-31,NEM,0.19999988
1,2,2007-07-31,F,0.00000000
1,2,2007-07-31,CAT,0.20868908
1,2,2007-07-31,DIS,0.03453789
1,2,2007-07-31,MCD,0.04546211
1,2,2007-07-31,KO,0.00000000
1,2,2007-07-31,PEP,0.00000000
1,2,2007-07-31,WMT,0.00000000
1,2,2007-07-31,C,0.00000000
1,2,2007-07-31,WFC,0.00000025
1,2,2007-07-31,JPM,0.00000000
1,2,2007-07-31,AAPL,0.22364490
1,2,2007-07-31,IBM,0.00000000
1,2,2007-07-31,PFE,0.00000000
1,2,2007-07-31,JNJ,0.00000000
1,2,2007-07-31,XOM,0.19025871
1,2,2007-07-31,MRO,0.21060277
1,2,2007-07-31,ED,0.00000000
1,2,2007-07-31,T,0.00000000
1,2,2007-07-31,VZ,0.00000000
1,2,2007-07-31,NEM,0.08680429
1,3,2008-01-31,F,0.00000000
1,3,2008-01-31,CAT,0.17885451
1,3,2008-01-31,DIS,0.01672347
1,3,2008-01-31,MCD,0.10743596
1,3,2008-01-31,KO,0.00000000
1,3,2008-01-31,PEP,0.00000068
1,3,2008-01-31,WMT,0.00000000
1,3,2008-01-31,C,0.00000000
1,3,2008-01-31,WFC,0.00000011
1,3,2008-01-31,JPM,0.00000000
1,3,2008-01-31,AAPL,0.26392511
1,3,2008-01-31,IBM,0.00000000
1,3,2008-01-31,PFE,0.00000000
1,3,2008-01-31,JNJ,0.00000000
1,3,2008-01-31,XOM,0.18856175
1,3,2008-01-31,MRO,0.18927361
1,3,2008-01-31,ED,0.00000000
1,3,2008-01-31,T,0.00000000
1,3,2008-01-31,VZ,0.00000000
1,3,2008-01-31,NEM,0.05522479
1,4,2008-07-31,F,0.00000000
1,4,2008-07-31,CAT,0.19886922
1,4,2008-07-31,DIS,0.01045105
1,4,2008-07-31,MCD,0.14717874
1,4,2008-07-31,KO,0.00000000
1,4,2008-07-31,PEP,0.00000037
1,4,2008-07-31,WMT,0.00000000
1,4,2008-07-31,C,0.00000000
1,4,2008-07-31,WFC,0.00000006
1,4,2008-07-31,JPM,0.00000000
1,4,2008-07-31,AAPL,0.22424861
1,4,2008-07-31,IBM,0.00000000
1,4,2008-07-31,PFE,0.00000000
1,4,2008-07-31,JNJ,0.00000000
1,4,2008-07-31,XOM,0.19569116
1,4,2008-07-31,MRO,0.18526348
1,4,2008-07-31,ED,0.00000000
1,4,2008-07-31,T,0.00000000
1,4,2008-07-31,VZ,0.00000000
1,4,2008-07-31,NEM,0.03829732
1,5,2009-01-31,F,0.00000000
1,5,2009-01-31,CAT,0.10217438
1,5,2009-01-31,DIS,0.00645011
1,5,2009-01-31,MCD,0.21807267
1,5,2009-01-31,KO,0.00000000
1,5,2009-01-31,PEP,0.00000027
1,5,2009-01-31,WMT,0.00000000
1,5,2009-01-31,C,0.00000000
1,5,2009-01-31,WFC,0.00000006
1,5,2009-01-31,JPM,0.00000000
1,5,2009-01-31,AAPL,0.17554122
1,5,2009-01-31,IBM,0.00000000
1,5,2009-01-31,PFE,0.00000000
1,5,2009-01-31,JNJ,0.00000000
1,5,2009-01-31,XOM,0.22972351
1,5,2009-01-31,MRO,0.16291500
1,5,2009-01-31,ED,0.00000000
1,5,2009-01-31,T,0.08000000
1,5,2009-01-31,VZ,0.00000000
1,5,2009-01-31,NEM,0.02512278
1,6,2009-07-31,F,0.00000000
1,6,2009-07-31,CAT,0.04357172
1,6,2009-07-31,DIS,0.00373541
1,6,2009-07-31,MCD,0.19558312
1,6,2009-07-31,KO,0.00000000
1,6,2009-07-31,PEP,0.00000016
1,6,2009-07-31,WMT,0.00000000
1,6,2009-07-31,C,0.00000000
1,6,2009-07-31,WFC,0.04477369
1,6,2009-07-31,JPM,0.00000000
1,6,2009-07-31,AAPL,0.24499415
1,6,2009-07-31,IBM,0.00000000
1,6,2009-07-31,PFE,0.00000000
1,6,2009-07-31,JNJ,0.00000000
1,6,2009-07-31,XOM,0.19456509
1,6,2009-07-31,MRO,0.18276939
1,6,2009-07-31,ED,0.00000000
1,6,2009-07-31,T,0.04050443
1,6,2009-07-31,VZ,0.00000000
1,6,2009-07-31,NEM,0.04950285
1,7,2010-01-31,F,0.04666496
1,7,2010-01-31,CAT,0.05617754
1,7,2010-01-31,DIS,0.00261171
1,7,2010-01-31,MCD,0.18812814
1,7,2010-01-31,KO,0.08000000
1,7,2010-01-31,PEP,0.00000009
1,7,2010-01-31,WMT,0.00000000
1,7,2010-01-31,C,0.00000000
1,7,2010-01-31,WFC,0.02500689
1,7,2010-01-31,JPM,0.00000000
1,7,2010-01-31,AAPL,0.26131192
1,7,2010-01-31,IBM,0.00000000
1,7,2010-01-31,PFE,0.00000000
1,7,2010-01-31,JNJ,0.00000000
1,7,2010-01-31,XOM,0.11154721
1,7,2010-01-31,MRO,0.17614627
1,7,2010-01-31,ED,0.00000000
1,7,2010-01-31,T,0.02362454
1,7,2010-01-31,VZ,0.00000000
1,7,2010-01-31,NEM,0.02878071
1,8,2010-07-31,F,0.10687293
1,8,2010-07-31,CAT,0.03427696
1,8,2010-07-31,DIS,0.00145737
1,8,2010-07-31,MCD,0.19528602
1,8,2010-07-31,KO,0.04086245
1,8,2010-07-31,PEP,0.00000005
1,8,2010-07-31,WMT,0.00000000
1,8,2010-07-31,C,0.00000000
1,8,2010-07-31,WFC,0.01359552
1,8,2010-07-31,JPM,0.00000000
1,8,2010-07-31,AAPL,0.25818953
1,8,2010-07-31,IBM,0.08000000
1,8,2010-07-31,PFE,0.00000000
1,8,2010-07-31,JNJ,0.00000000
1,8,2010-07-31,XOM,0.05404920
1,8,2010-07-31,MRO,0.10185308
1,8,2010-07-31,ED,0.00000000
1,8,2010-07-31,T,0.01201850
1,8,2010-07-31,VZ,0.00000000
1,8,2010-07-31,NEM,0.10153840
1,9,2011-01-31,F,0.16391082
1,9,2011-01-31,CAT,0.10550661
1,9,2011-01-31,DIS,0.00082693
1,9,2011-01-31,MCD,0.18892359
1,9,2011-01-31,KO,0.02564401
1,9,2011-01-31,PEP,0.00000003
1,9,2011-01-31,WMT,0.00000000
1,9,2011-01-31,C,0.00000000
1,9,2011-01-31,WFC,0.00778635
1,9,2011-01-31,JPM,0.00000000
1,9,2011-01-31,AAPL,0.23607000
1,9,2011-01-31,IBM,0.12524265
1,9,2011-01-31,PFE,0.00000000
1,9,2011-01-31,JNJ,0.00000000
1,9,2011-01-31,XOM,0.03308473
1,9,2011-01-31,MRO,0.05805035
1,9,2011-01-31,ED,0.00000000
1,9,2011-01-31,T,0.00710209
1,9,2011-01-31,VZ,0.00000000
1,9,2011-01-31,NEM,0.04785184
1,10,2011-07-31,F,0.15584136
1,10,2011-07-31,CAT,0.10834848
1,10,2011-07-31,DIS,0.00048486
1,10,2011-07-31,MCD,0.19875305
1,10,2011-07-31,KO,0.05479265
1,10,2011-07-31,PEP,0.00000002
1,10,2011-07-31,WMT,0.00000000
1,10,2011-07-31,C,0.00000000
1,10,2011-07-31,WFC,0.00400330
1,10,2011-07-31,JPM,0.00000000
1,10,2011-07-31,AAPL,0.21839734
1,10,2011-07-31,IBM,0.16316513
1,10,2011-07-31,PFE,0.00000000
1,10,2011-07-31,JNJ,0.00000000
1,10,2011-07-31,XOM,0.02097489
1,10,2011-07-31,MRO,0.04699410
1,10,2011-07-31,ED,0.00000000
1,10,2011-07-31,T,0.00440183
1,10,2011-07-31,VZ,0.00000000
1,10,2011-07-31,NEM,0.02384300
1,11,2012-01-31,F,0.14929324
1,11,2012-01-31,CAT,0.11887664
1,11,2012-01-31,DIS,0.00026993
1,11,2012-01-31,MCD,0.21668578
1,11,2012-01-31,KO,0.03292006
1,11,2012-01-31,PEP,0.00000001
1,11,2012-01-31,WMT,0.00000000
1,11,2012-01-31,C,0.00000000
1,11,2012-01-31,WFC,0.00226114
1,11,2012-01-31,JPM,0.00000000
1,11,2012-01-31,AAPL,0.23015852
1,11,2012-01-31,IBM,0.18051305
1,11,2012-01-31,PFE,0.00000000
1,11,2012-01-31,JNJ,0.00000000
1,11,2012-01-31,XOM,0.01260883
1,11,2012-01-31,MRO,0.02449073
1,11,2012-01-31,ED,0.00940452
1,11,2012-01-31,T,0.00248538
1,11,2012-01-31,VZ,0.00000000
1,11,2012-01-31,NEM,0.02003217
1,12,2012-07-31,F,0.15524376
1,12,2012-07-31,CAT,0.06301215
1,12,2012-07-31,DIS,0.00019574
1,12,2012-07-31,MCD,0.18880382
1,12,2012-07-31,KO,0.02091825
1,12,2012-07-31,PEP,0.00000001
1,12,2012-07-31,WMT,0.00000000
1,12,2012-07-31,C,0.00000000
1,12,2012-07-31,WFC,0.00155926
1,12,2012-07-31,JPM,0.00000000
1,12,2012-07-31,AAPL,0.26608583
1,12,2012-07-31,IBM,0.18852759
1,12,2012-07-31,PFE,0.00000000
1,12,2012-07-31,JNJ,0.00000000
1,12,2012-07-31,XOM,0.00722600
1,12,2012-07-31,MRO,0.01213844
1,12,2012-07-31,ED,0.08539668
1,12,2012-07-31,T,0.00169139
1,12,2012-07-31,VZ,0.00000000
1,12,2012-07-31,NEM,0.00920108
1,13,2013-01-31,F,0.20289572
1,13,2013-01-31,CAT,0.06602478
1,13,2013-01-31,DIS,0.00011843
1,13,2013-01-31,MCD,0.19103883
1,13,2013-01-31,KO,0.01141204
1,13,2013-01-31,PEP,0.00000000
1,13,2013-01-31,WMT,0.05327876
1,13,2013-01-31,C,0.00000000
1,13,2013-01-31,WFC,0.00093736
1,13,2013-01-31,JPM,0.00000000
1,13,2013-01-31,AAPL,0.22201785
1,13,2013-01-31,IBM,0.18811446
1,13,2013-01-31,PFE,0.00000000
1,13,2013-01-31,JNJ,0.00000000
1,13,2013-01-31,XOM,0.00429747
1,13,2013-01-31,MRO,0.00854735
1,13,2013-01-31,ED,0.04517728
1,13,2013-01-31,T,0.00095054
1,13,2013-01-31,VZ,0.00000000
1,13,2013-01-31,NEM,0.00518911
1,14,2013-07-31,F,0.22440571
1,14,2013-07-31,CAT,0.03591482
1,14,2013-07-31,DIS,0.06426742
1,14,2013-07-31,MCD,0.13659085
1,14,2013-07-31,KO,0.00751909
1,14,2013-07-31,PEP,0.00000000
1,14,2013-07-31,WMT,0.03457645
1,14,2013-07-31,C,0.00000000
1,14,2013-07-31,WFC,0.08067446
1,14,2013-07-31,JPM,0.00000000
1,14,2013-07-31,AAPL,0.17832625
1,14,2013-07-31,IBM,0.11116871
1,14,2013-07-31,PFE,0.00000000
1,14,2013-07-31,JNJ,0.00000000
1,14,2013-07-31,XOM,0.00266921
1,14,2013-07-31,MRO,0.00571489
1,14,2013-07-31,ED,0.09125224
1,14,2013-07-31,T,0.00060083
1,14,2013-07-31,VZ,0.02431230
1,14,2013-07-31,NEM,0.00200676
1,15,2014-01-31,F,0.20289754
1,15,2014-01-31,CAT,0.08381472
1,15,2014-01-31,DIS,0.12271821
1,15,2014-01-31,MCD,0.07385567
1,15,2014-01-31,KO,0.00426291
1,15,2014-01-31,PEP,0.00000000
1,15,2014-01-31,WMT,0.02006044
1,15,2014-01-31,C,0.00000000
1,15,2014-01-31,WFC,0.04884142
1,15,2014-01-31,JPM,0.00000000
1,15,2014-01-31,AAPL,0.21863976
1,15,2014-01-31,IBM,0.12476711
1,15,2014-01-31,PFE,0.00000000
1,15,2014-01-31,JNJ,0.00000000
1,15,2014-01-31,XOM,0.00164504
1,15,2014-01-31,MRO,0.03620704
1,15,2014-01-31,ED,0.04794693
1,15,2014-01-31,T,0.00033242
1,15,2014-01-31,VZ,0.01315946
1,15,2014-01-31,NEM,0.00085133
1,16,2014-07-31,F,0.20382290
1,16,2014-07-31,CAT,0.13458894
1,16,2014-07-31,DIS,0.15403898
1,16,2014-07-31,MCD,0.04190666
1,16,2014-07-31,KO,0.00238651
1,16,2014-07-31,PEP,0.00000000
1,16,2014-07-31,WMT,0.01041839
1,16,2014-07-31,C,0.00000000
1,16,2014-07-31,WFC,0.03082136
1,16,2014-07-31,JPM,0.00000000
1,16,2014-07-31,AAPL,0.21786890
1,16,2014-07-31,IBM,0.06555354
1,16,2014-07-31,PFE,0.00000004
1,16,2014-07-31,JNJ,0.00000005
1,16,2014-07-31,XOM,0.00089200
1,16,2014-07-31,MRO,0.10225647
1,16,2014-07-31,ED,0.02755190
1,16,2014-07-31,T,0.00018452
1,16,2014-07-31,VZ,0.00719960
1,16,2014-07-31,NEM,0.00050925
1,17,2015-01-31,F,0.11250911
1,17,2015-01-31,CAT,0.09391582
1,17,2015-01-31,DIS,0.18351861
1,17,2015-01-31,MCD,0.02396172
1,17,2015-01-31,KO,0.00145750
1,17,2015-01-31,PEP,0.00000000
1,17,2015-01-31,WMT,0.00728838
1,17,2015-01-31,C,0.00000000
1,17,2015-01-31,WFC,0.09968560
1,17,2015-01-31,JPM,0.00000000
1,17,2015-01-31,AAPL,0.23780305
1,17,2015-01-31,IBM,0.03550175
1,17,2015-01-31,PFE,0.08000003
1,17,2015-01-31,JNJ,0.00000003
1,17,2015-01-31,XOM,0.00050188
1,17,2015-01-31,MRO,0.04430811
1,17,2015-01-31,ED,0.01943481
1,17,2015-01-31,T,0.00010867
1,17,2015-01-31,VZ,0.05977585
1,17,2015-01-31,NEM,0.00022909
1,18,2015-07-31,F,0.06193358
1,18,2015-07-31,CAT,0.04931895
1,18,2015-07-31,DIS,0.20395763
1,18,2015-07-31,MCD,0.01378749
1,18,2015-07-31,KO,0.00076727
1,18,2015-07-31,PEP,0.00000000
1,18,2015-07-31,WMT,0.00339696
1,18,2015-07-31,C,0.00000000
1,18,2015-07-31,WFC,0.13777116
1,18,2015-07-31,JPM,0.00000000
1,18,2015-07-31,AAPL,0.23183396
1,18,2015-07-31,IBM,0.02035743
1,18,2015-07-31,PFE,0.12882252
1,18,2015-07-31,JNJ,0.00000002
1,18,2015-07-31,XOM,0.00025579
1,18,2015-07-31,MRO,0.02351104
1,18,2015-07-31,ED,0.00969734
1,18,2015-07-31,T,0.00006590
1,18,2015-07-31,VZ,0.11436480
1,18,2015-07-31,NEM,0.00015817
1,19,2016-01-31,F,0.03847845
1,19,2016-01-31,CAT,0.02615801
1,19,2016-01-31,DIS,0.20332435
1,19,2016-01-31,MCD,0.01130308
1,19,2016-01-31,KO,0.00055413
1,19,2016-01-31,PEP,0.00000000
1,19,2016-01-31,WMT,0.00193378
1,19,2016-01-31,C,0.00000000
1,19,2016-01-31,WFC,0.16756913
1,19,2016-01-31,JPM,0.00653687
1,19,2016-01-31,AAPL,0.20736384
1,19,2016-01-31,IBM,0.01137508
1,19,2016-01-31,PFE,0.16176921
1,19,2016-01-31,JNJ,0.07346314
1,19,2016-01-31,XOM,0.00015837
1,19,2016-01-31,MRO,0.00734516
1,19,2016-01-31,ED,0.00712837
1,19,2016-01-31,T,0.00004258
1,19,2016-01-31,VZ,0.07541719
1,19,2016-01-31,NEM,0.00007927
1,20,2016-07-31,F,0.02138082
1,20,2016-07-31,CAT,0.01778608
1,20,2016-07-31,DIS,0.19280254
1,20,2016-07-31,MCD,0.00696465
1,20,2016-07-31,KO,0.00035388
1,20,2016-07-31,PEP,0.00000000
1,20,2016-07-31,WMT,0.00139339
1,20,2016-07-31,C,0.00000000
1,20,2016-07-31,WFC,0.08831614
1,20,2016-07-31,JPM,0.00527570
1,20,2016-07-31,AAPL,0.19353450
1,20,2016-07-31,IBM,0.00762503
1,20,2016-07-31,PFE,0.18718422
1,20,2016-07-31,JNJ,0.13244290
1,20,2016-07-31,XOM,0.00011550
1,20,2016-07-31,MRO,0.00527428
1,20,2016-07-31,ED,0.01112744
1,20,2016-07-31,T,0.00003272
1,20,2016-07-31,VZ,0.12828731
1,20,2016-07-31,NEM,0.00010290
2,1,1997-01-31,Asset_1,0.00000000
2,1,1997-01-31,Asset_2,0.00000000
2,1,1997-01-31,Asset_3,0.00000000
2,1,1997-01-31,Asset_4,0.00000000
2,1,1997-01-31,Asset_5,0.00000000
2,1,1997-01-31,Asset_6,0.00000000
2,1,1997-01-31,Asset_7,0.00000000
2,1,1997-01-31,Asset_8,0.00000000
2,1,1997-01-31,Asset_9,0.00000000
2,1,1997-01-31,Asset_10,0.00000000
2,1,1997-01-31,Asset_11,0.00000000
2,1,1997-01-31,Asset_12,0.00000000
2,1,1997-01-31,Asset_13,0.00000000
2,1,1997-01-31,Asset_14,0.20000000
2,1,1997-01-31,Asset_15,0.18784006
2,1,1997-01-31,Asset_16,0.20000000
2,1,1997-01-31,Asset_17,0.00000000
2,1,1997-01-31,Asset_18,0.00000000
2,1,1997-01-31,Asset_19,0.00000000
2,1,1997-01-31,Asset_20,0.00000000
2,1,1997-01-31,Asset_21,0.00000000
2,1,1997-01-31,Asset_22,0.01215994
2,1,1997-01-31,Asset_23,0.20000000
2,1,1997-01-31,Asset_24,0.00000000
2,1,1997-01-31,Asset_25,0.00000000
2,1,1997-01-31,Asset_26,0.00000000
2,1,1997-01-31,Asset_27,0.00000000
2,1,1997-01-31,Asset_28,0.00000000
2,1,1997-01-31,Asset_29,0.20000000
2,1,1997-01-31,Asset_30,0.00000000
2,2,1997-07-31,Asset_1,0.00000000
2,2,1997-07-31,Asset_2,0.00000000
2,2,1997-07-31,Asset_3,0.00000003
2,2,1997-07-31,Asset_4,0.00000005
2,2,1997-07-31,Asset_5,0.00000002
2,2,1997-07-31,Asset_6,0.00000008
2,2,1997-07-31,Asset_7,0.00000005
2,2,1997-07-31,Asset_8,0.00000005
2,2,1997-07-31,Asset_9,0.00000002
2,2,1997-07-31,Asset_10,0.00000000
2,2,1997-07-31,Asset_11,0.00000000
2,2,1997-07-31,Asset_12,0.00000002
2,2,1997-07-31,Asset_13,0.00000005
2,2,1997-07-31,Asset_14,0.21074333
2,2,1997-07-31,Asset_15,0.10686188
2,2,1997-07-31,Asset_16,0.19372944
2,2,1997-07-31,Asset_17,0.00000000
2,2,1997-07-31,Asset_18,0.00000006
2,2,1997-07-31,Asset_19,0.00000001
2,2,1997-07-31,Asset_20,0.00000000
2,2,1997-07-31,Asset_21,0.00000000
2,2,1997-07-31,Asset_22,0.08734775
2,2,1997-07-31,Asset_23,0.19549419
2,2,1997-07-31,Asset_24,0.00000001
2,2,1997-07-31,Asset_25,0.00000003
2,2,1997-07-31,Asset_26,0.00000004
2,2,1997-07-31,Asset_27,0.00000003
2,2,1997-07-31,Asset_28,0.00000004
2,2,1997-07-31,Asset_29,0.20582278
2,2,1997-07-31,Asset_30,0.00000004
2,3,1998-01-31,Asset_1,0.00000000
2,3,1998-01-31,Asset_2,0.00000001
2,3,1998-01-31,Asset_3,0.00000002
2,3,1998-01-31,Asset_4,0.00000003
2,3,1998-01-31,Asset_5,0.00000001
2,3,1998-01-31,Asset_6,0.00000005
2,3,1998-01-31,Asset_7,0.00000002
2,3,1998-01-31,Asset_8,0.00000003
2,3,1998-01-31,Asset_9,0.00000001
2,3,1998-01-31,Asset_10,0.00000000
2,3,1998-01-31,Asset_11,0.00000000
2,3,1998-01-31,Asset_12,0.00000001
2,3,1998-01-31,Asset_13,0.00000003
2,3,1998-01-31,Asset_14,0.21049927
2,3,1998-01-31,Asset_15,0.06684349
2,3,1998-01-31,Asset_16,0.18172166
2,3,1998-01-31,Asset_17,0.00000000
2,3,1998-01-31,Asset_18,0.00000003
2,3,1998-01-31,Asset_19,0.00000000
2,3,1998-01-31,Asset_20,0.00000000
2,3,1998-01-31,Asset_21,0.00000000
2,3,1998-01-31,Asset_22,0.13179022
2,3,1998-01-31,Asset_23,0.19230459
2,3,1998-01-31,Asset_24,0.00000001
2,3,1998-01-31,Asset_25,0.00000002
2,3,1998-01-31,Asset_26,0.00000003
2,3,1998-01-31,Asset_27,0.00000002
2,3,1998-01-31,Asset_28,0.00000002
2,3,1998-01-31,Asset_29,0.21684040
2,3,1998-01-31,Asset_30,0.00000002
2,4,1998-07-31,Asset_1,0.00000000
2,4,1998-07-31,Asset_2,0.08000000
2,4,1998-07-31,Asset_3,0.00000003
2,4,1998-07-31,Asset_4,0.00000002
2,4,1998-07-31,Asset_5,0.00000001
2,4,1998-07-31,Asset_6,0.00000003
2,4,1998-07-31,Asset_7,0.00000001
2,4,1998-07-31,Asset_8,0.07999995
2,4,1998-07-31,Asset_9,0.00000004
2,4,1998-07-31,Asset_10,0.00000000
2,4,1998-07-31,Asset_11,0.00000000
2,4,1998-07-31,Asset_12,0.00000001
2,4,1998-07-31,Asset_13,0.00000001
2,4,1998-07-31,Asset_14,0.20706805
2,4,1998-07-31,Asset_15,0.04623319
2,4,1998-07-31,Asset_16,0.09904181
2,4,1998-07-31,Asset_17,0.00000001
2,4,1998-07-31,Asset_18,0.00000002
2,4,1998-07-31,Asset_19,0.00000002
2,4,1998-07-31,Asset_20,0.00000005
2,4,1998-07-31,Asset_21,0.00000002
2,4,1998-07-31,Asset_22,0.16737947
2,4,1998-07-31,Asset_23,0.19436047
2,4,1998-07-31,Asset_24,0.00000001
2,4,1998-07-31,Asset_25,0.00000003
2,4,1998-07-31,Asset_26,0.00000001
2,4,1998-07-31,Asset_27,0.00000001
2,4,1998-07-31,Asset_28,0.00000001
2,4,1998-07-31,Asset_29,0.12591671
2,4,1998-07-31,Asset_30,0.00000001
2,5,1999-01-31,Asset_1,0.00000025
2,5,1999-01-31,Asset_2,0.03842005
2,5,1999-01-31,Asset_3,0.00000040
2,5,1999-01-31,Asset_4,0.00000001
2,5,1999-01-31,Asset_5,0.00000001
2,5,1999-01-31,Asset_6,0.00000050
2,5,1999-01-31,Asset_7,0.00000001
2,5,1999-01-31,Asset_8,0.12909176
2,5,1999-01-31,Asset_9,0.00000002
2,5,1999-01-31,Asset_10,0.00000000
2,5,1999-01-31,Asset_11,0.00000021
2,5,1999-01-31,Asset_12,0.00000000
2,5,1999-01-31,Asset_13,0.00000001
2,5,1999-01-31,Asset_14,0.20467734
2,5,1999-01-31,Asset_15,0.02481239
2,5,1999-01-31,Asset_16,0.05093907
2,5,1999-01-31,Asset_17,0.00000000
2,5,1999-01-31,Asset_18,0.00000017
2,5,1999-01-31,Asset_19,0.00000001
2,5,1999-01-31,Asset_20,0.00000003
2,5,1999-01-31,Asset_21,0.00000003
2,5,1999-01-31,Asset_22,0.18606532
2,5,1999-01-31,Asset_23,0.22127427
2,5,1999-01-31,Asset_24,0.00000000
2,5,1999-01-31,Asset_25,0.00000001
2,5,1999-01-31,Asset_26,0.00000001
2,5,1999-01-31,Asset_27,0.00000001
2,5,1999-01-31,Asset_28,0.00000002
2,5,1999-01-31,Asset_29,0.14471808
2,5,1999-01-31,Asset_30,0.00000001
2,6,1999-07-31,Asset_1,0.00000013
2,6,1999-07-31,Asset_2,0.01912965
2,6,1999-07-31,Asset_3,0.00000016
2,6,1999-07-31,Asset_4,0.00000001
2,6,1999-07-31,Asset_5,0.00000003
2,6,1999-07-31,Asset_6,0.00000089
2,6,1999-07-31,Asset_7,0.00000000
2,6,1999-07-31,Asset_8,0.14717648
2,6,1999-07-31,Asset_9,0.00000001
2,6,1999-07-31,Asset_10,0.00000000
2,6,1999-07-31,Asset_11,0.00000116
2,6,1999-07-31,Asset_12,0.00000000
2,6,1999-07-31,Asset_13,0.00000000
2,6,1999-07-31,Asset_14,0.19964101
2,6,1999-07-31,Asset_15,0.01339898
2,6,1999-07-31,Asset_16,0.03458654
2,6,1999-07-31,Asset_17,0.00000000
2,6,1999-07-31,Asset_18,0.00000012
2,6,1999-07-31,Asset_19,0.00000001
2,6,1999-07-31,Asset_20,0.00000001
2,6,1999-07-31,Asset_21,0.07999922
2,6,1999-07-31,Asset_22,0.19711697
2,6,1999-07-31,Asset_23,0.22579801
2,6,1999-07-31,Asset_24,0.00000000
2,6,1999-07-31,Asset_25,0.00000083
2,6,1999-07-31,Asset_26,0.00000000
2,6,1999-07-31,Asset_27,0.00000001
2,6,1999-07-31,Asset_28,0.00000001
2,6,1999-07-31,Asset_29,0.08314975
2,6,1999-07-31,Asset_30,0.00000000
2,7,2000-01-31,Asset_1,0.00000005
2,7,2000-01-31,Asset_2,0.00871947
2,7,2000-01-31,Asset_3,0.00000005
2,7,2000-01-31,Asset_4,0.00000000
2,7,2000-01-31,Asset_5,0.00000001
2,7,2000-01-31,Asset_6,0.00000046
2,7,2000-01-31,Asset_7,0.00000000
2,7,2000-01-31,Asset_8,0.06919339
2,7,2000-01-31,Asset_9,0.00000001
2,7,2000-01-31,Asset_10,0.00000000
2,7,2000-01-31,Asset_11,0.00000051
2,7,2000-01-31,Asset_12,0.00000000
2,7,2000-01-31,Asset_13,0.00000000
2,7,2000-01-31,Asset_14,0.20755170
2,7,2000-01-31,Asset_15,0.00596509
2,7,2000-01-31,Asset_16,0.01510267
2,7,2000-01-31,Asset_17,0.00000000
2,7,2000-01-31,Asset_18,0.02396394
2,7,2000-01-31,Asset_19,0.00000000
2,7,2000-01-31,Asset_20,0.00000001
2,7,2000-01-31,Asset_21,0.12351390
2,7,2000-01-31,Asset_22,0.21015611
2,7,2000-01-31,Asset_23,0.24287427
2,7,2000-01-31,Asset_24,0.00000000
2,7,2000-01-31,Asset_25,0.00000034
2,7,2000-01-31,Asset_26,0.00000000
2,7,2000-01-31,Asset_27,0.05603614
2,7,2000-01-31,Asset_28,0.00000000
2,7,2000-01-31,Asset_29,0.03692188
2,7,2000-01-31,Asset_30,0.00000000
2,8,2000-07-31,Asset_1,0.00000004
2,8,2000-07-31,Asset_2,0.00546109
2,8,2000-07-31,Asset_3,0.00000004
2,8,2000-07-31,Asset_4,0.00000006
2,8,2000-07-31,Asset_5,0.00000009
2,8,2000-07-31,Asset_6,0.00000026
2,8,2000-07-31,Asset_7,0.00000001
2,8,2000-07-31,Asset_8,0.13207882
2,8,2000-07-31,Asset_9,0.00000001
2,8,2000-07-31,Asset_10,0.00000001
2,8,2000-07-31,Asset_11,0.00000031
2,8,2000-07-31,Asset_12,0.00000011
2,8,2000-07-31,Asset_13,0.00000005
2,8,2000-07-31,Asset_14,0.20631788
2,8,2000-07-31,Asset_15,0.00292161
2,8,2000-07-31,Asset_16,0.00772195
2,8,2000-07-31,Asset_17,0.00000006
2,8,2000-07-31,Asset_18,0.09508462
2,8,2000-07-31,Asset_19,0.00000001
2,8,2000-07-31,Asset_20,0.00000001
2,8,2000-07-31,Asset_21,0.06222830
2,8,2000-07-31,Asset_22,0.18438522
2,8,2000-07-31,Asset_23,0.25461176
2,8,2000-07-31,Asset_24,0.00000001
2,8,2000-07-31,Asset_25,0.00000021
2,8,2000-07-31,Asset_26,0.00000004
2,8,2000-07-31,Asset_27,0.02775744
2,8,2000-07-31,Asset_28,0.00000004
2,8,2000-07-31,Asset_29,0.02142994
2,8,2000-07-31,Asset_30,0.00000001
2,9,2001-01-31,Asset_1,0.00000005
2,9,2001-01-31,Asset_2,0.00414635
2,9,2001-01-31,Asset_3,0.00000005
2,9,2001-01-31,Asset_4,0.00000004
2,9,2001-01-31,Asset_5,0.00000007
2,9,2001-01-31,Asset_6,0.00000020
2,9,2001-01-31,Asset_7,0.00000001
2,9,2001-01-31,Asset_8,0.17760852
2,9,2001-01-31,Asset_9,0.00000001
2,9,2001-01-31,Asset_10,0.00000003
2,9,2001-01-31,Asset_11,0.00000024
2,9,2001-01-31,Asset_12,0.00000006
2,9,2001-01-31,Asset_13,0.00000003
2,9,2001-01-31,Asset_14,0.19460864
2,9,2001-01-31,Asset_15,0.00187762
2,9,2001-01-31,Asset_16,0.00759743
2,9,2001-01-31,Asset_17,0.00000004
2,9,2001-01-31,Asset_18,0.20422829
2,9,2001-01-31,Asset_19,0.00000001
2,9,2001-01-31,Asset_20,0.00000001
2,9,2001-01-31,Asset_21,0.03015374
2,9,2001-01-31,Asset_22,0.08212095
2,9,2001-01-31,Asset_23,0.18053128
2,9,2001-01-31,Asset_24,0.00000001
2,9,2001-01-31,Asset_25,0.00000041
2,9,2001-01-31,Asset_26,0.00000003
2,9,2001-01-31,Asset_27,0.01840025
2,9,2001-01-31,Asset_28,0.00000004
2,9,2001-01-31,Asset_29,0.09872558
2,9,2001-01-31,Asset_30,0.00000001
2,10,2001-07-31,Asset_1,0.00000003
2,10,2001-07-31,Asset_2,0.00213059
2,10,2001-07-31,Asset_3,0.01236808
2,10,2001-07-31,Asset_4,0.00000003
2,10,2001-07-31,Asset_5,0.00000005
2,10,2001-07-31,Asset_6,0.00000012
2,10,2001-07-31,Asset_7,0.00000001
2,10,2001-07-31,Asset_8,0.18004953
2,10,2001-07-31,Asset_9,0.00000001
2,10,2001-07-31,Asset_10,0.00000003
2,10,2001-07-31,Asset_11,0.00000016
2,10,2001-07-31,Asset_12,0.00000003
2,10,2001-07-31,Asset_13,0.00000002
2,10,2001-07-31,Asset_14,0.17293212
2,10,2001-07-31,Asset_15,0.00145992
2,10,2001-07-31,Asset_16,0.00436831
2,10,2001-07-31,Asset_17,0.00000003
2,10,2001-07-31,Asset_18,0.22871027
2,10,2001-07-31,Asset_19,0.00000001
2,10,2001-07-31,Asset_20,0.00000001
2,10,2001-07-31,Asset_21,0.01877153
2,10,2001-07-31,Asset_22,0.05823307
2,10,2001-07-31,Asset_23,0.16437333
2,10,2001-07-31,Asset_24,0.00000001
2,10,2001-07-31,Asset_25,0.00000027
2,10,2001-07-31,Asset_26,0.00000002
2,10,2001-07-31,Asset_27,0.01261657
2,10,2001-07-31,Asset_28,0.00000003
2,10,2001-07-31,Asset_29,0.14398581
2,10,2001-07-31,Asset_30,0.00000000
2,11,2002-01-31,Asset_1,0.00000002
2,11,2002-01-31,Asset_2,0.00144340
2,11,2002-01-31,Asset_3,0.00743049
2,11,2002-01-31,Asset_4,0.00000002
2,11,2002-01-31,Asset_5,0.08000003
2,11,2002-01-31,Asset_6,0.00000009
2,11,2002-01-31,Asset_7,0.00000000
2,11,2002-01-31,Asset_8,0.19637404
2,11,2002-01-31,Asset_9,0.00000000
2,11,2002-01-31,Asset_10,0.00000002
2,11,2002-01-31,Asset_11,0.00000011
2,11,2002-01-31,Asset_12,0.00000002
2,11,2002-01-31,Asset_13,0.00000001
2,11,2002-01-31,Asset_14,0.10483576
2,11,2002-01-31,Asset_15,0.00074972
2,11,2002-01-31,Asset_16,0.00243561
2,11,2002-01-31,Asset_17,0.00000002
2,11,2002-01-31,Asset_18,0.21495957
2,11,2002-01-31,Asset_19,0.00000000
2,11,2002-01-31,Asset_20,0.00000000
2,11,2002-01-31,Asset_21,0.01036128
2,11,2002-01-31,Asset_22,0.03268741
2,11,2002-01-31,Asset_23,0.13363241
2,11,2002-01-31,Asset_24,0.00000000
2,11,2002-01-31,Asset_25,0.00000017
2,11,2002-01-31,Asset_26,0.00000001
2,11,2002-01-31,Asset_27,0.08856869
2,11,2002-01-31,Asset_28,0.00000002
2,11,2002-01-31,Asset_29,0.12652108
2,11,2002-01-31,Asset_30,0.00000000
2,12,2002-07-31,Asset_1,0.00000002
2,12,2002-07-31,Asset_2,0.00114352
2,12,2002-07-31,Asset_3,0.04228258
2,12,2002-07-31,Asset_4,0.08000001
2,12,2002-07-31,Asset_5,0.13697231
2,12,2002-07-31,Asset_6,0.00000006
2,12,2002-07-31,Asset_7,0.00000000
2,12,2002-07-31,Asset_8,0.10556065
2,12,2002-07-31,Asset_9,0.00000000
2,12,2002-07-31,Asset_10,0.00000001
2,12,2002-07-31,Asset_11,0.00000008
2,12,2002-07-31,Asset_12,0.00000001
2,12,2002-07-31,Asset_13,0.00000001
2,12,2002-07-31,Asset_14,0.07002669
2,12,2002-07-31,Asset_15,0.00055206
2,12,2002-07-31,Asset_16,0.00187204
2,12,2002-07-31,Asset_17,0.00000001
2,12,2002-07-31,Asset_18,0.21753753
2,12,2002-07-31,Asset_19,0.00000000
2,12,2002-07-31,Asset_20,0.00000000
2,12,2002-07-31,Asset_21,0.00489016
2,12,2002-07-31,Asset_22,0.01498584
2,12,2002-07-31,Asset_23,0.06134965
2,12,2002-07-31,Asset_24,0.00000000
2,12,2002-07-31,Asset_25,0.00000012
2,12,2002-07-31,Asset_26,0.00000001
2,12,2002-07-31,Asset_27,0.13704256
2,12,2002-07-31,Asset_28,0.00000001
2,12,2002-07-31,Asset_29,0.12578405
2,12,2002-07-31,Asset_30,0.00000000
2,13,2003-01-31,Asset_1,0.00000001
2,13,2003-01-31,Asset_2,0.00063258
2,13,2003-01-31,Asset_3,0.10659238
2,13,2003-01-31,Asset_4,0.12689867
2,13,2003-01-31,Asset_5,0.16821668
2,13,2003-01-31,Asset_6,0.00000004
2,13,2003-01-31,Asset_7,0.00000000
2,13,2003-01-31,Asset_8,0.06764473
2,13,2003-01-31,Asset_9,0.00000000
2,13,2003-01-31,Asset_10,0.00000001
2,13,2003-01-31,Asset_11,0.00000004
2,13,2003-01-31,Asset_12,0.00000000
2,13,2003-01-31,Asset_13,0.00000001
2,13,2003-01-31,Asset_14,0.04325484
2,13,2003-01-31,Asset_15,0.00026179
2,13,2003-01-31,Asset_16,0.00096448
2,13,2003-01-31,Asset_17,0.00000001
2,13,2003-01-31,Asset_18,0.21021599
2,13,2003-01-31,Asset_19,0.00000000
2,13,2003-01-31,Asset_20,0.00000000
2,13,2003-01-31,Asset_21,0.00319923
2,13,2003-01-31,Asset_22,0.00938157
2,13,2003-01-31,Asset_23,0.03428618
2,13,2003-01-31,Asset_24,0.00000000
2,13,2003-01-31,Asset_25,0.00000007
2,13,2003-01-31,Asset_26,0.00000000
2,13,2003-01-31,Asset_27,0.15404015
2,13,2003-01-31,Asset_28,0.00000001
2,13,2003-01-31,Asset_29,0.07441053
2,13,2003-01-31,Asset_30,0.00000000
2,14,2003-07-31,Asset_1,0.00000001
2,14,2003-07-31,Asset_2,0.00035282
2,14,2003-07-31,Asset_3,0.14387789
2,14,2003-07-31,Asset_4,0.15686661
2,14,2003-07-31,Asset_5,0.17350237
2,14,2003-07-31,Asset_6,0.00000002
2,14,2003-07-31,Asset_7,0.00000000
2,14,2003-07-31,Asset_8,0.04023106
2,14,2003-07-31,Asset_9,0.00000000
2,14,2003-07-31,Asset_10,0.00000000
2,14,2003-07-31,Asset_11,0.00000003
2,14,2003-07-31,Asset_12,0.00000000
2,14,2003-07-31,Asset_13,0.00000000
2,14,2003-07-31,Asset_14,0.02430243
2,14,2003-07-31,Asset_15,0.00015266
2,14,2003-07-31,Asset_16,0.00054169
2,14,2003-07-31,Asset_17,0.08000000
2,14,2003-07-31,Asset_18,0.21409829
2,14,2003-07-31,Asset_19,0.00000000
2,14,2003-07-31,Asset_20,0.00000000
2,14,2003-07-31,Asset_21,0.00179901
2,14,2003-07-31,Asset_22,0.00547073
2,14,2003-07-31,Asset_23,0.02259901
2,14,2003-07-31,Asset_24,0.00000000
2,14,2003-07-31,Asset_25,0.00000004
2,14,2003-07-31,Asset_26,0.00000000
2,14,2003-07-31,Asset_27,0.09235733
2,14,2003-07-31,Asset_28,0.00000000
2,14,2003-07-31,Asset_29,0.04384798
2,14,2003-07-31,Asset_30,0.00000000
2,15,2004-01-31,Asset_1,0.00000000
2,15,2004-01-31,Asset_2,0.00018765
2,15,2004-01-31,Asset_3,0.16619489
2,15,2004-01-31,Asset_4,0.16929175
2,15,2004-01-31,Asset_5,0.09517414
2,15,2004-01-31,Asset_6,0.00000001
2,15,2004-01-31,Asset_7,0.00000000
2,15,2004-01-31,Asset_8,0.02083144
2,15,2004-01-31,Asset_9,0.00000000
2,15,2004-01-31,Asset_10,0.00000000
2,15,2004-01-31,Asset_11,0.00000002
2,15,2004-01-31,Asset_12,0.00000000
2,15,2004-01-31,Asset_13,0.08000000
2,15,2004-01-31,Asset_14,0.01588377
2,15,2004-01-31,Asset_15,0.00010621
2,15,2004-01-31,Asset_16,0.00034017
2,15,2004-01-31,Asset_17,0.14274354
2,15,2004-01-31,Asset_18,0.21497279
2,15,2004-01-31,Asset_19,0.00000000
2,15,2004-01-31,Asset_20,0.00000000
2,15,2004-01-31,Asset_21,0.00093752
2,15,2004-01-31,Asset_22,0.00312282
2,15,2004-01-31,Asset_23,0.01469621
2,15,2004-01-31,Asset_24,0.00000000
2,15,2004-01-31,Asset_25,0.00000002
2,15,2004-01-31,Asset_26,0.00000000
2,15,2004-01-31,Asset_27,0.05045458
2,15,2004-01-31,Asset_28,0.00000000
2,15,2004-01-31,Asset_29,0.02506243
2,15,2004-01-31,Asset_30,0.00000000
2,16,2004-07-31,Asset_1,0.00000041
2,16,2004-07-31,Asset_2,0.00010855
2,16,2004-07-31,Asset_3,0.17038689
2,16,2004-07-31,Asset_4,0.18046036
2,16,2004-07-31,Asset_5,0.05423734
2,16,2004-07-31,Asset_6,0.00000020
2,16,2004-07-31,Asset_7,0.00000006
2,16,2004-07-31,Asset_8,0.01211760
2,16,2004-07-31,Asset_9,0.00000005
2,16,2004-07-31,Asset_10,0.00000005
2,16,2004-07-31,Asset_11,0.00000001
2,16,2004-07-31,Asset_12,0.00000000
2,16,2004-07-31,Asset_13,0.04790525
2,16,2004-07-31,Asset_14,0.00922030
2,16,2004-07-31,Asset_15,0.00005953
2,16,2004-07-31,Asset_16,0.00021047
2,16,2004-07-31,Asset_17,0.14915049
2,16,2004-07-31,Asset_18,0.24136481
2,16,2004-07-31,Asset_19,0.07999979
2,16,2004-07-31,Asset_20,0.00000019
2,16,2004-07-31,Asset_21,0.00050616
2,16,2004-07-31,Asset_22,0.00185630
2,16,2004-07-31,Asset_23,0.00822679
2,16,2004-07-31,Asset_24,0.00000000
2,16,2004-07-31,Asset_25,0.00000013
2,16,2004-07-31,Asset_26,0.00000000
2,16,2004-07-31,Asset_27,0.02953997
2,16,2004-07-31,Asset_28,0.00000022
2,16,2004-07-31,Asset_29,0.01464807
2,16,2004-07-31,Asset_30,0.00000000
2,17,2005-01-31,Asset_1,0.00000022
2,17,2005-01-31,Asset_2,0.00004922
2,17,2005-01-31,Asset_3,0.18969516
2,17,2005-01-31,Asset_4,0.18060554
2,17,2005-01-31,Asset_5,0.02871482
2,17,2005-01-31,Asset_6,0.00000010
2,17,2005-01-31,Asset_7,0.08000003
2,17,2005-01-31,Asset_8,0.00607802
2,17,2005-01-31,Asset_9,0.00000003
2,17,2005-01-31,Asset_10,0.00000003
2,17,2005-01-31,Asset_11,0.08000001
2,17,2005-01-31,Asset_12,0.00000000
2,17,2005-01-31,Asset_13,0.02633660
2,17,2005-01-31,Asset_14,0.00513439
2,17,2005-01-31,Asset_15,0.00003147
2,17,2005-01-31,Asset_16,0.00011476
2,17,2005-01-31,Asset_17,0.09335602
2,17,2005-01-31,Asset_18,0.23204577
2,17,2005-01-31,Asset_19,0.04775702
2,17,2005-01-31,Asset_20,0.00000012
2,17,2005-01-31,Asset_21,0.00029303
2,17,2005-01-31,Asset_22,0.00103574
2,17,2005-01-31,Asset_23,0.00417789
2,17,2005-01-31,Asset_24,0.00000000
2,17,2005-01-31,Asset_25,0.00000008
2,17,2005-01-31,Asset_26,0.00000000
2,17,2005-01-31,Asset_27,0.01626089
2,17,2005-01-31,Asset_28,0.00000014
2,17,2005-01-31,Asset_29,0.00831292
2,17,2005-01-31,Asset_30,0.00000000
2,18,2005-07-31,Asset_1,0.00000012
2,18,2005-07-31,Asset_2,0.00002740
2,18,2005-07-31,Asset_3,0.19299213
2,18,2005-07-31,Asset_4,0.09259615
2,18,2005-07-31,Asset_5,0.01457927
2,18,2005-07-31,Asset_6,0.00000005
2,18,2005-07-31,Asset_7,0.12558986
2,18,2005-07-31,Asset_8,0.00346396
2,18,2005-07-31,Asset_9,0.00000002
2,18,2005-07-31,Asset_10,0.00000001
2,18,2005-07-31,Asset_11,0.12950903
2,18,2005-07-31,Asset_12,0.00000000
2,18,2005-07-31,Asset_13,0.01431749
2,18,2005-07-31,Asset_14,0.00268330
2,18,2005-07-31,Asset_15,0.00001475
2,18,2005-07-31,Asset_16,0.00007017
2,18,2005-07-31,Asset_17,0.13065867
2,18,2005-07-31,Asset_18,0.24467042
2,18,2005-07-31,Asset_19,0.03201101
2,18,2005-07-31,Asset_20,0.00000008
2,18,2005-07-31,Asset_21,0.00015507
2,18,2005-07-31,Asset_22,0.00051701
2,18,2005-07-31,Asset_23,0.00223775
2,18,2005-07-31,Asset_24,0.00000000
2,18,2005-07-31,Asset_25,0.00000004
2,18,2005-07-31,Asset_26,0.00000000
2,18,2005-07-31,Asset_27,0.00933154
2,18,2005-07-31,Asset_28,0.00000008
2,18,2005-07-31,Asset_29,0.00457462
2,18,2005-07-31,Asset_30,0.00000000
2,19,2006-01-31,Asset_1,0.00000006
2,19,2006-01-31,Asset_2,0.00001442
2,19,2006-01-31,Asset_3,0.19587311
2,19,2006-01-31,Asset_4,0.04905065
2,19,2006-01-31,Asset_5,0.00712776
2,19,2006-01-31,Asset_6,0.00000003
2,19,2006-01-31,Asset_7,0.06522318
2,19,2006-01-31,Asset_8,0.00181250
2,19,2006-01-31,Asset_9,0.00000001
2,19,2006-01-31,Asset_10,0.00000001
2,19,2006-01-31,Asset_11,0.15012178
2,19,2006-01-31,Asset_12,0.00000000
2,19,2006-01-31,Asset_13,0.00838727
2,19,2006-01-31,Asset_14,0.00154147
2,19,2006-01-31,Asset_15,0.00000664
2,19,2006-01-31,Asset_16,0.00003841
2,19,2006-01-31,Asset_17,0.16871933
2,19,2006-01-31,Asset_18,0.24626429
2,19,2006-01-31,Asset_19,0.09678364
2,19,2006-01-31,Asset_20,0.00000004
2,19,2006-01-31,Asset_21,0.00007780
2,19,2006-01-31,Asset_22,0.00029370
2,19,2006-01-31,Asset_23,0.00123371
2,19,2006-01-31,Asset_24,0.00000000
2,19,2006-01-31,Asset_25,0.00000002
2,19,2006-01-31,Asset_26,0.00000000
2,19,2006-01-31,Asset_27,0.00487315
2,19,2006-01-31,Asset_28,0.00000004
2,19,2006-01-31,Asset_29,0.00255697
2,19,2006-01-31,Asset_30,0.00000000
2,20,2006-07-31,Asset_1,0.00000004
2,20,2006-07-31,Asset_2,0.00000832
2,20,2006-07-31,Asset_3,0.19028702
2,20,2006-07-31,Asset_4,0.03048845
2,20,2006-07-31,Asset_5,0.00374147
2,20,2006-07-31,Asset_6,0.00000002
2,20,2006-07-31,Asset_7,0.03523564
2,20,2006-07-31,Asset_8,0.00097237
2,20,2006-07-31,Asset_9,0.00000001
2,20,2006-07-31,Asset_10,0.00000000
2,20,2006-07-31,Asset_11,0.15892702
2,20,2006-07-31,Asset_12,0.00000000
2,20,2006-07-31,Asset_13,0.00529274
2,20,2006-07-31,Asset_14,0.00096269
2,20,2006-07-31,Asset_15,0.00000394
2,20,2006-07-31,Asset_16,0.00002419
2,20,2006-07-31,Asset_17,0.18246318
2,20,2006-07-31,Asset_18,0.24752420
2,20,2006-07-31,Asset_19,0.13906732
2,20,2006-07-31,Asset_20,0.00000002
2,20,2006-07-31,Asset_21,0.00004847
2,20,2006-07-31,Asset_22,0.00015515
2,20,2006-07-31,Asset_23,0.00065530
2,20,2006-07-31,Asset_24,0.00000000
2,20,2006-07-31,Asset_25,0.00000001
2,20,2006-07-31,Asset_26,0.00000000
2,20,2006-07-31,Asset_27,0.00271153
2,20,2006-07-31,Asset_28,0.00000003
2,20,2006-07-31,Asset_29,0.00143088
2,20,2006-07-31,Asset_30,0.00000000
3,1,2005-01-31,Asset_1,0.00000000
3,1,2005-01-31,Asset_2,0.00000000
3,1,2005-01-31,Asset_3,0.00000000
3,1,2005-01-31,Asset_4,0.00000000
3,1,2005-01-31,Asset_5,0.00000000
3,1,2005-01-31,Asset_6,0.20000000
3,1,2005-01-31,Asset_7,0.00000000
3,1,2005-01-31,Asset_8,0.00000000
3,1,2005-01-31,Asset_9,0.00000000
3,1,2005-01-31,Asset_10,0.00000000
3,1,2005-01-31,Asset_11,0.00000000
3,1,2005-01-31,Asset_12,0.20000000
3,1,2005-01-31,Asset_13,0.00000000
3,1,2005-01-31,Asset_14,0.00000000
3,1,2005-01-31,Asset_15,0.00000000
3,1,2005-01-31,Asset_16,0.00000000
3,1,2005-01-31,Asset_17,0.00000000
3,1,2005-01-31,Asset_18,0.00000000
3,1,2005-01-31,Asset_19,0.00000000
3,1,2005-01-31,Asset_20,0.00000000
3,1,2005-01-31,Asset_21,0.00000000
3,1,2005-01-31,Asset_22,0.00000000
3,1,2005-01-31,Asset_23,0.00000000
3,1,2005-01-31,Asset_24,0.00000000
3,1,2005-01-31,Asset_25,0.00000000
3,1,2005-01-31,Asset_26,0.00000000
3,1,2005-01-31,Asset_27,0.00000000
3,1,2005-01-31,Asset_28,0.20000000
3,1,2005-01-31,Asset_29,0.20000000
3,1,2005-01-31,Asset_30,0.20000000
3,1,2005-01-31,Asset_31,0.00000000
3,1,2005-01-31,Asset_32,0.00000000
3,1,2005-01-31,Asset_33,0.00000000
3,2,2005-07-31,Asset_1,0.00000000
3,2,2005-07-31,Asset_2,0.00000000
3,2,2005-07-31,Asset_3,0.00000000
3,2,2005-07-31,Asset_4,0.00000000
3,2,2005-07-31,Asset_5,0.00000000
3,2,2005-07-31,Asset_6,0.14346189
3,2,2005-07-31,Asset_7,0.00000000
3,2,2005-07-31,Asset_8,0.00000000
3,2,2005-07-31,Asset_9,0.00000000
3,2,2005-07-31,Asset_10,0.00000000
3,2,2005-07-31,Asset_11,0.00000000
3,2,2005-07-31,Asset_12,0.23287251
3,2,2005-07-31,Asset_13,0.00000000
3,2,2005-07-31,Asset_14,0.00000000
3,2,2005-07-31,Asset_15,0.00000000
3,2,2005-07-31,Asset_16,0.00000000
3,2,2005-07-31,Asset_17,0.00000000
3,2,2005-07-31,Asset_18,0.00000000
3,2,2005-07-31,Asset_19,0.00000000
3,2,2005-07-31,Asset_20,0.08000000
3,2,2005-07-31,Asset_21,0.00000000
3,2,2005-07-31,Asset_22,0.00000000
3,2,2005-07-31,Asset_23,0.00000000
3,2,2005-07-31,Asset_24,0.00000000
3,2,2005-07-31,Asset_25,0.00000000
3,2,2005-07-31,Asset_26,0.00000000
3,2,2005-07-31,Asset_27,0.00000000
3,2,2005-07-31,Asset_28,0.20125150
3,2,2005-07-31,Asset_29,0.14783929
3,2,2005-07-31,Asset_30,0.19457481
3,2,2005-07-31,Asset_31,0.00000000
3,2,2005-07-31,Asset_32,0.00000000
3,2,2005-07-31,Asset_33,0.00000000
3,3,2006-01-31,Asset_1,0.00000000
3,3,2006-01-31,Asset_2,0.00000000
3,3,2006-01-31,Asset_3,0.00000000
3,3,2006-01-31,Asset_4,0.00000000
3,3,2006-01-31,Asset_5,0.00000000
3,3,2006-01-31,Asset_6,0.12943626
3,3,2006-01-31,Asset_7,0.00000000
3,3,2006-01-31,Asset_8,0.00000000
3,3,2006-01-31,Asset_9,0.00000000
3,3,2006-01-31,Asset_10,0.00000000
3,3,2006-01-31,Asset_11,0.00000000
3,3,2006-01-31,Asset_12,0.21814063
3,3,2006-01-31,Asset_13,0.00000000
3,3,2006-01-31,Asset_14,0.00000000
3,3,2006-01-31,Asset_15,0.00000000
3,3,2006-01-31,Asset_16,0.00000000
3,3,2006-01-31,Asset_17,0.00000000
3,3,2006-01-31,Asset_18,0.00000000
3,3,2006-01-31,Asset_19,0.00000000
3,3,2006-01-31,Asset_20,0.05547474
3,3,2006-01-31,Asset_21,0.00000000
3,3,2006-01-31,Asset_22,0.08000000
3,3,2006-01-31,Asset_23,0.00000000
3,3,2006-01-31,Asset_24,0.00000000
3,3,2006-01-31,Asset_25,0.00000000
3,3,2006-01-31,Asset_26,0.08000000
3,3,2006-01-31,Asset_27,0.00000000
3,3,2006-01-31,Asset_28,0.19985251
3,3,2006-01-31,Asset_29,0.08173614
3,3,2006-01-31,Asset_30,0.15535971
3,3,2006-01-31,Asset_31,0.00000000
3,3,2006-01-31,Asset_32,0.00000000
3,3,2006-01-31,Asset_33,0.00000000
3,4,2006-07-31,Asset_1,0.00000000
3,4,2006-07-31,Asset_2,0.00000000
3,4,2006-07-31,Asset_3,0.00000000
3,4,2006-07-31,Asset_4,0.00000000
3,4,2006-07-31,Asset_5,0.00000000
3,4,2006-07-31,Asset_6,0.16471126
3,4,2006-07-31,Asset_7,0.00000000
3,4,2006-07-31,Asset_8,0.00000000
3,4,2006-07-31,Asset_9,0.00000000
3,4,2006-07-31,Asset_10,0.00000000
3,4,2006-07-31,Asset_11,0.00000000
3,4,2006-07-31,Asset_12,0.22680170
3,4,2006-07-31,Asset_13,0.00000000
3,4,2006-07-31,Asset_14,0.00000000
3,4,2006-07-31,Asset_15,0.00000000
3,4,2006-07-31,Asset_16,0.00000000
3,4,2006-07-31,Asset_17,0.00000000
3,4,2006-07-31,Asset_18,0.00000000
3,4,2006-07-31,Asset_19,0.00000000
3,4,2006-07-31,Asset_20,0.11746972
3,4,2006-07-31,Asset_21,0.00000000
3,4,2006-07-31,Asset_22,0.11314879
3,4,2006-07-31,Asset_23,0.00000000
3,4,2006-07-31,Asset_24,0.00000000
3,4,2006-07-31,Asset_25,0.00000000
3,4,2006-07-31,Asset_26,0.12140643
3,4,2006-07-31,Asset_27,0.00000000
3,4,2006-07-31,Asset_28,0.11170129
3,4,2006-07-31,Asset_29,0.04592306
3,4,2006-07-31,Asset_30,0.09883776
3,4,2006-07-31,Asset_31,0.00000000
3,4,2006-07-31,Asset_32,0.00000000
3,4,2006-07-31,Asset_33,0.00000000
3,5,2007-01-31,Asset_1,0.00000000
3,5,2007-01-31,Asset_2,0.00000000
3,5,2007-01-31,Asset_3,0.00000000
3,5,2007-01-31,Asset_4,0.00000000
3,5,2007-01-31,Asset_5,0.00000000
3,5,2007-01-31,Asset_6,0.16710218
3,5,2007-01-31,Asset_7,0.00000000
3,5,2007-01-31,Asset_8,0.00000000
3,5,2007-01-31,Asset_9,0.00000000
3,5,2007-01-31,Asset_10,0.00000000
3,5,2007-01-31,Asset_11,0.08000000
3,5,2007-01-31,Asset_12,0.20286092
3,5,2007-01-31,Asset_13,0.00000000
3,5,2007-01-31,Asset_14,0.00000000
3,5,2007-01-31,Asset_15,0.00000000
3,5,2007-01-31,Asset_16,0.00000000
3,5,2007-01-31,Asset_17,0.00000000
3,5,2007-01-31,Asset_18,0.00000000
3,5,2007-01-31,Asset_19,0.00000000
3,5,2007-01-31,Asset_20,0.05500516
3,5,2007-01-31,Asset_21,0.00000000
3,5,2007-01-31,Asset_22,0.17449581
3,5,2007-01-31,Asset_23,0.00000000
3,5,2007-01-31,Asset_24,0.00000000
3,5,2007-01-31,Asset_25,0.00000000
3,5,2007-01-31,Asset_26,0.05861948
3,5,2007-01-31,Asset_27,0.00000000
3,5,2007-01-31,Asset_28,0.16062368
3,5,2007-01-31,Asset_29,0.03671440
3,5,2007-01-31,Asset_30,0.06457838
3,5,2007-01-31,Asset_31,0.00000000
3,5,2007-01-31,Asset_32,0.00000000
3,5,2007-01-31,Asset_33,0.00000000
3,6,2007-07-31,Asset_1,0.00000033
3,6,2007-07-31,Asset_2,0.00000007
3,6,2007-07-31,Asset_3,0.00000007
3,6,2007-07-31,Asset_4,0.00000023
3,6,2007-07-31,Asset_5,0.00000015
3,6,2007-07-31,Asset_6,0.07009093
3,6,2007-07-31,Asset_7,0.00000007
3,6,2007-07-31,Asset_8,0.00000000
3,6,2007-07-31,Asset_9,0.00000012
3,6,2007-07-31,Asset_10,0.00000006
3,6,2007-07-31,Asset_11,0.13057673
3,6,2007-07-31,Asset_12,0.21731364
3,6,2007-07-31,Asset_13,0.00000010
3,6,2007-07-31,Asset_14,0.00000008
3,6,2007-07-31,Asset_15,0.00000000
3,6,2007-07-31,Asset_16,0.00000001
3,6,2007-07-31,Asset_17,0.00000000
3,6,2007-07-31,Asset_18,0.00000000
3,6,2007-07-31,Asset_19,0.00000002
3,6,2007-07-31,Asset_20,0.12013248
3,6,2007-07-31,Asset_21,0.00000000
3,6,2007-07-31,Asset_22,0.22211824
3,6,2007-07-31,Asset_23,0.00000000
3,6,2007-07-31,Asset_24,0.00000032
3,6,2007-07-31,Asset_25,0.07999999
3,6,2007-07-31,Asset_26,0.02885081
3,6,2007-07-31,Asset_27,0.00000015
3,6,2007-07-31,Asset_28,0.08331338
3,6,2007-07-31,Asset_29,0.01672002
3,6,2007-07-31,Asset_30,0.03088200
3,6,2007-07-31,Asset_31,0.00000000
3,6,2007-07-31,Asset_32,0.00000000
3,6,2007-07-31,Asset_33,0.00000000
3,7,2008-01-31,Asset_1,0.00000016
3,7,2008-01-31,Asset_2,0.00000003
3,7,2008-01-31,Asset_3,0.00000002
3,7,2008-01-31,Asset_4,0.08000011
3,7,2008-01-31,Asset_5,0.00000005
3,7,2008-01-31,Asset_6,0.02494880
3,7,2008-01-31,Asset_7,0.00000004
3,7,2008-01-31,Asset_8,0.00000000
3,7,2008-01-31,Asset_9,0.00000005
3,7,2008-01-31,Asset_10,0.00000003
3,7,2008-01-31,Asset_11,0.14580503
3,7,2008-01-31,Asset_12,0.21290888
3,7,2008-01-31,Asset_13,0.00000003
3,7,2008-01-31,Asset_14,0.00000003
3,7,2008-01-31,Asset_15,0.00000000
3,7,2008-01-31,Asset_16,0.00000000
3,7,2008-01-31,Asset_17,0.00000000
3,7,2008-01-31,Asset_18,0.00000000
3,7,2008-01-31,Asset_19,0.00000001
3,7,2008-01-31,Asset_20,0.05124455
3,7,2008-01-31,Asset_21,0.00000000
3,7,2008-01-31,Asset_22,0.24449642
3,7,2008-01-31,Asset_23,0.00000001
3,7,2008-01-31,Asset_24,0.00000017
3,7,2008-01-31,Asset_25,0.16825358
3,7,2008-01-31,Asset_26,0.01652878
3,7,2008-01-31,Asset_27,0.00000006
3,7,2008-01-31,Asset_28,0.03545325
3,7,2008-01-31,Asset_29,0.00945327
3,7,2008-01-31,Asset_30,0.01090665
3,7,2008-01-31,Asset_31,0.00000000
3,7,2008-01-31,Asset_32,0.00000000
3,7,2008-01-31,Asset_33,0.00000000
3,8,2008-07-31,Asset_1,0.00000008
3,8,2008-07-31,Asset_2,0.00000001
3,8,2008-07-31,Asset_3,0.00000001
3,8,2008-07-31,Asset_4,0.04066050
3,8,2008-07-31,Asset_5,0.00000002
3,8,2008-07-31,Asset_6,0.01008195
3,8,2008-07-31,Asset_7,0.00000003
3,8,2008-07-31,Asset_8,0.00000000
3,8,2008-07-31,Asset_9,0.00000003
3,8,2008-07-31,Asset_10,0.00000001
3,8,2008-07-31,Asset_11,0.18771631
3,8,2008-07-31,Asset_12,0.21148212
3,8,2008-07-31,Asset_13,0.00000001
3,8,2008-07-31,Asset_14,0.00000001
3,8,2008-07-31,Asset_15,0.00000001
3,8,2008-07-31,Asset_16,0.00000000
3,8,2008-07-31,Asset_17,0.00000000
3,8,2008-07-31,Asset_18,0.00000000
3,8,2008-07-31,Asset_19,0.00000000
3,8,2008-07-31,Asset_20,0.10768290
3,8,2008-07-31,Asset_21,0.00000000
3,8,2008-07-31,Asset_22,0.18861728
3,8,2008-07-31,Asset_23,0.00000000
3,8,2008-07-31,Asset_24,0.00000010
3,8,2008-07-31,Asset_25,0.21562660
3,8,2008-07-31,Asset_26,0.00931689
3,8,2008-07-31,Asset_27,0.00000002
3,8,2008-07-31,Asset_28,0.01747865
3,8,2008-07-31,Asset_29,0.00467353
3,8,2008-07-31,Asset_30,0.00666292
3,8,2008-07-31,Asset_31,0.00000000
3,8,2008-07-31,Asset_32,0.00000000
3,8,2008-07-31,Asset_33,0.00000000
3,9,2009-01-31,Asset_1,0.00000007
3,9,2009-01-31,Asset_2,0.00000002
3,9,2009-01-31,Asset_3,0.00000000
3,9,2009-01-31,Asset_4,0.13437891
3,9,2009-01-31,Asset_5,0.00000001
3,9,2009-01-31,Asset_6,0.00722010
3,9,2009-01-31,Asset_7,0.00000003
3,9,2009-01-31,Asset_8,0.00000000
3,9,2009-01-31,Asset_9,0.00000003
3,9,2009-01-31,Asset_10,0.08000002
3,9,2009-01-31,Asset_11,0.07723457
3,9,2009-01-31,Asset_12,0.25003283
3,9,2009-01-31,Asset_13,0.00000000
3,9,2009-01-31,Asset_14,0.00000002
3,9,2009-01-31,Asset_15,0.00000001
3,9,2009-01-31,Asset_16,0.00000000
3,9,2009-01-31,Asset_17,0.00000000
3,9,2009-01-31,Asset_18,0.00000000
3,9,2009-01-31,Asset_19,0.00000000
3,9,2009-01-31,Asset_20,0.07887083
3,9,2009-01-31,Asset_21,0.00000000
3,9,2009-01-31,Asset_22,0.19456124
3,9,2009-01-31,Asset_23,0.00000000
3,9,2009-01-31,Asset_24,0.00000008
3,9,2009-01-31,Asset_25,0.14153728
3,9,2009-01-31,Asset_26,0.00871295
3,9,2009-01-31,Asset_27,0.00000001
3,9,2009-01-31,Asset_28,0.01703879
3,9,2009-01-31,Asset_29,0.00501747
3,9,2009-01-31,Asset_30,0.00539473
3,9,2009-01-31,Asset_31,0.00000000
3,9,2009-01-31,Asset_32,0.00000000
3,9,2009-01-31,Asset_33,0.00000000
3,10,2009-07-31,Asset_1,0.00000004
3,10,2009-07-31,Asset_2,0.00000001
3,10,2009-07-31,Asset_3,0.00000000
3,10,2009-07-31,Asset_4,0.14483195
3,10,2009-07-31,Asset_5,0.00000001
3,10,2009-07-31,Asset_6,0.00543514
3,10,2009-07-31,Asset_7,0.00000001
3,10,2009-07-31,Asset_8,0.00000000
3,10,2009-07-31,Asset_9,0.00000001
3,10,2009-07-31,Asset_10,0.03631631
3,10,2009-07-31,Asset_11,0.04551426
3,10,2009-07-31,Asset_12,0.22220008
3,10,2009-07-31,Asset_13,0.00000000
3,10,2009-07-31,Asset_14,0.00000001
3,10,2009-07-31,Asset_15,0.00000000
3,10,2009-07-31,Asset_16,0.00000000
3,10,2009-07-31,Asset_17,0.00000000
3,10,2009-07-31,Asset_18,0.00000000
3,10,2009-07-31,Asset_19,0.00000000
3,10,2009-07-31,Asset_20,0.03061567
3,10,2009-07-31,Asset_21,0.00000000
3,10,2009-07-31,Asset_22,0.24646025
3,10,2009-07-31,Asset_23,0.08000000
3,10,2009-07-31,Asset_24,0.00000005
3,10,2009-07-31,Asset_25,0.17313672
3,10,2009-07-31,Asset_26,0.00450697
3,10,2009-07-31,Asset_27,0.00000001
3,10,2009-07-31,Asset_28,0.00678531
3,10,2009-07-31,Asset_29,0.00204610
3,10,2009-07-31,Asset_30,0.00215107
3,10,2009-07-31,Asset_31,0.00000000
3,10,2009-07-31,Asset_32,0.00000000
3,10,2009-07-31,Asset_33,0.00000000
3,11,2010-01-31,Asset_1,0.00000002
3,11,2010-01-31,Asset_2,0.00000000
3,11,2010-01-31,Asset_3,0.00000000
3,11,2010-01-31,Asset_4,0.15205997
3,11,2010-01-31,Asset_5,0.00000001
3,11,2010-01-31,Asset_6,0.00406192
3,11,2010-01-31,Asset_7,0.00000001
3,11,2010-01-31,Asset_8,0.00000000
3,11,2010-01-31,Asset_9,0.00000001
3,11,2010-01-31,Asset_10,0.01613663
3,11,2010-01-31,Asset_11,0.02998737
3,11,2010-01-31,Asset_12,0.20472053
3,11,2010-01-31,Asset_13,0.00000000
3,11,2010-01-31,Asset_14,0.00000000
3,11,2010-01-31,Asset_15,0.00000000
3,11,2010-01-31,Asset_16,0.00000000
3,11,2010-01-31,Asset_17,0.00000000
3,11,2010-01-31,Asset_18,0.00000000
3,11,2010-01-31,Asset_19,0.00000000
3,11,2010-01-31,Asset_20,0.02423647
3,11,2010-01-31,Asset_21,0.00000000
3,11,2010-01-31,Asset_22,0.24414961
3,11,2010-01-31,Asset_23,0.12815491
3,11,2010-01-31,Asset_24,0.00000003
3,11,2010-01-31,Asset_25,0.18801802
3,11,2010-01-31,Asset_26,0.00235819
3,11,2010-01-31,Asset_27,0.00000001
3,11,2010-01-31,Asset_28,0.00315511
3,11,2010-01-31,Asset_29,0.00137245
3,11,2010-01-31,Asset_30,0.00158873
3,11,2010-01-31,Asset_31,0.00000000
3,11,2010-01-31,Asset_32,0.00000000
3,11,2010-01-31,Asset_33,0.00000000
3,12,2010-07-31,Asset_1,0.00000001
3,12,2010-07-31,Asset_2,0.00000000
3,12,2010-07-31,Asset_3,0.00000000
3,12,2010-07-31,Asset_4,0.18199648
3,12,2010-07-31,Asset_5,0.05626413
3,12,2010-07-31,Asset_6,0.00268751
3,12,2010-07-31,Asset_7,0.00000000
3,12,2010-07-31,Asset_8,0.00000000
3,12,2010-07-31,Asset_9,0.00000000
3,12,2010-07-31,Asset_10,0.00855836
3,12,2010-07-31,Asset_11,0.01539639
3,12,2010-07-31,Asset_12,0.20247902
3,12,2010-07-31,Asset_13,0.00000000
3,12,2010-07-31,Asset_14,0.00000000
3,12,2010-07-31,Asset_15,0.00000000
3,12,2010-07-31,Asset_16,0.00000000
3,12,2010-07-31,Asset_17,0.00000000
3,12,2010-07-31,Asset_18,0.00000000
3,12,2010-07-31,Asset_19,0.00000000
3,12,2010-07-31,Asset_20,0.01618662
3,12,2010-07-31,Asset_21,0.00000000
3,12,2010-07-31,Asset_22,0.26223273
3,12,2010-07-31,Asset_23,0.06755302
3,12,2010-07-31,Asset_24,0.00000002
3,12,2010-07-31,Asset_25,0.15687534
3,12,2010-07-31,Asset_26,0.02566756
3,12,2010-07-31,Asset_27,0.00000000
3,12,2010-07-31,Asset_28,0.00198723
3,12,2010-07-31,Asset_29,0.00093490
3,12,2010-07-31,Asset_30,0.00118063
3,12,2010-07-31,Asset_31,0.00000000
3,12,2010-07-31,Asset_32,0.00000000
3,12,2010-07-31,Asset_33,0.00000000
3,13,2011-01-31,Asset_1,0.00000001
3,13,2011-01-31,Asset_2,0.00000000
3,13,2011-01-31,Asset_3,0.00000000
3,13,2011-01-31,Asset_4,0.17392449
3,13,2011-01-31,Asset_5,0.12087398
3,13,2011-01-31,Asset_6,0.00156477
3,13,2011-01-31,Asset_7,0.00000000
3,13,2011-01-31,Asset_8,0.00000000
3,13,2011-01-31,Asset_9,0.00000000
3,13,2011-01-31,Asset_10,0.00484723
3,13,2011-01-31,Asset_11,0.01122892
3,13,2011-01-31,Asset_12,0.19331361
3,13,2011-01-31,Asset_13,0.00000000
3,13,2011-01-31,Asset_14,0.00000000
3,13,2011-01-31,Asset_15,0.00000000
3,13,2011-01-31,Asset_16,0.00000000
3,13,2011-01-31,Asset_17,0.00000000
3,13,2011-01-31,Asset_18,0.00000000
3,13,2011-01-31,Asset_19,0.00000000
3,13,2011-01-31,Asset_20,0.01114479
3,13,2011-01-31,Asset_21,0.00000000
3,13,2011-01-31,Asset_22,0.22666711
3,13,2011-01-31,Asset_23,0.02877430
3,13,2011-01-31,Asset_24,0.00000001
3,13,2011-01-31,Asset_25,0.21425707
3,13,2011-01-31,Asset_26,0.01119227
3,13,2011-01-31,Asset_27,0.00000000
3,13,2011-01-31,Asset_28,0.00108967
3,13,2011-01-31,Asset_29,0.00047732
3,13,2011-01-31,Asset_30,0.00064445
3,13,2011-01-31,Asset_31,0.00000000
3,13,2011-01-31,Asset_32,0.00000000
3,13,2011-01-31,Asset_33,0.00000000
3,14,2011-07-31,Asset_1,0.00000000
3,14,2011-07-31,Asset_2,0.00000000
3,14,2011-07-31,Asset_3,0.00000000
3,14,2011-07-31,Asset_4,0.19668473
3,14,2011-07-31,Asset_5,0.13969336
3,14,2011-07-31,Asset_6,0.00116522
3,14,2011-07-31,Asset_7,0.00000000
3,14,2011-07-31,Asset_8,0.00000000
3,14,2011-07-31,Asset_9,0.00000000
3,14,2011-07-31,Asset_10,0.00327990
3,14,2011-07-31,Asset_11,0.00846485
3,14,2011-07-31,Asset_12,0.12439225
3,14,2011-07-31,Asset_13,0.00000000
3,14,2011-07-31,Asset_14,0.00000000
3,14,2011-07-31,Asset_15,0.00000000
3,14,2011-07-31,Asset_16,0.00000000
3,14,2011-07-31,Asset_17,0.00000000
3,14,2011-07-31,Asset_18,0.00000000
3,14,2011-07-31,Asset_19,0.00000000
3,14,2011-07-31,Asset_20,0.00768292
3,14,2011-07-31,Asset_21,0.00000000
3,14,2011-07-31,Asset_22,0.22183067
3,14,2011-07-31,Asset_23,0.01503979
3,14,2011-07-31,Asset_24,0.08000001
3,14,2011-07-31,Asset_25,0.19441297
3,14,2011-07-31,Asset_26,0.00595216
3,14,2011-07-31,Asset_27,0.00000000
3,14,2011-07-31,Asset_28,0.00069648
3,14,2011-07-31,Asset_29,0.00029360
3,14,2011-07-31,Asset_30,0.00041108
3,14,2011-07-31,Asset_31,0.00000000
3,14,2011-07-31,Asset_32,0.00000000
3,14,2011-07-31,Asset_33,0.00000000
3,15,2012-01-31,Asset_1,0.00000000
3,15,2012-01-31,Asset_2,0.00000000
3,15,2012-01-31,Asset_3,0.00000000
3,15,2012-01-31,Asset_4,0.22318529
3,15,2012-01-31,Asset_5,0.14575096
3,15,2012-01-31,Asset_6,0.00082524
3,15,2012-01-31,Asset_7,0.00000000
3,15,2012-01-31,Asset_8,0.00000000
3,15,2012-01-31,Asset_9,0.00000000
3,15,2012-01-31,Asset_10,0.00208715
3,15,2012-01-31,Asset_11,0.00347082
3,15,2012-01-31,Asset_12,0.14827124
3,15,2012-01-31,Asset_13,0.00000000
3,15,2012-01-31,Asset_14,0.00000000
3,15,2012-01-31,Asset_15,0.00000000
3,15,2012-01-31,Asset_16,0.00000000
3,15,2012-01-31,Asset_17,0.00000000
3,15,2012-01-31,Asset_18,0.00000000
3,15,2012-01-31,Asset_19,0.00000000
3,15,2012-01-31,Asset_20,0.00398254
3,15,2012-01-31,Asset_21,0.00000000
3,15,2012-01-31,Asset_22,0.24145164
3,15,2012-01-31,Asset_23,0.00648289
3,15,2012-01-31,Asset_24,0.05216790
3,15,2012-01-31,Asset_25,0.16746117
3,15,2012-01-31,Asset_26,0.00403178
3,15,2012-01-31,Asset_27,0.00000000
3,15,2012-01-31,Asset_28,0.00036818
3,15,2012-01-31,Asset_29,0.00020542
3,15,2012-01-31,Asset_30,0.00025778
3,15,2012-01-31,Asset_31,0.00000000
3,15,2012-01-31,Asset_32,0.00000000
3,15,2012-01-31,Asset_33,0.00000000
3,16,2012-07-31,Asset_1,0.00000000
3,16,2012-07-31,Asset_2,0.00000000
3,16,2012-07-31,Asset_3,0.00000000
3,16,2012-07-31,Asset_4,0.15325356
3,16,2012-07-31,Asset_5,0.11162033
3,16,2012-07-31,Asset_6,0.08053786
3,16,2012-07-31,Asset_7,0.00000000
3,16,2012-07-31,Asset_8,0.00000000
3,16,2012-07-31,Asset_9,0.00000000
3,16,2012-07-31,Asset_10,0.00119192
3,16,2012-07-31,Asset_11,0.00160431
3,16,2012-07-31,Asset_12,0.07672873
3,16,2012-07-31,Asset_13,0.00000000
3,16,2012-07-31,Asset_14,0.00000000
3,16,2012-07-31,Asset_15,0.00000000
3,16,2012-07-31,Asset_16,0.00000000
3,16,2012-07-31,Asset_17,0.00000000
3,16,2012-07-31,Asset_18,0.00000000
3,16,2012-07-31,Asset_19,0.00000000
3,16,2012-07-31,Asset_20,0.00210358
3,16,2012-07-31,Asset_21,0.00000000
3,16,2012-07-31,Asset_22,0.27453042
3,16,2012-07-31,Asset_23,0.00285934
3,16,2012-07-31,Asset_24,0.03125403
3,16,2012-07-31,Asset_25,0.18192889
3,16,2012-07-31,Asset_26,0.00184535
3,16,2012-07-31,Asset_27,0.00000000
3,16,2012-07-31,Asset_28,0.00026553
3,16,2012-07-31,Asset_29,0.08012531
3,16,2012-07-31,Asset_30,0.00015085
3,16,2012-07-31,Asset_31,0.00000000
3,16,2012-07-31,Asset_32,0.00000000
3,16,2012-07-31,Asset_33,0.00000000
3,17,2013-01-31,Asset_1,0.00000000
3,17,2013-01-31,Asset_2,0.00000000
3,17,2013-01-31,Asset_3,0.00000000
3,17,2013-01-31,Asset_4,0.09086503
3,17,2013-01-31,Asset_5,0.16908159
3,17,2013-01-31,Asset_6,0.12778781
3,17,2013-01-31,Asset_7,0.00000000
3,17,2013-01-31,Asset_8,0.00000000
3,17,2013-01-31,Asset_9,0.00000000
3,17,2013-01-31,Asset_10,0.00071464
3,17,2013-01-31,Asset_11,0.00115344
3,17,2013-01-31,Asset_12,0.04065486
3,17,2013-01-31,Asset_13,0.00000000
3,17,2013-01-31,Asset_14,0.00000000
3,17,2013-01-31,Asset_15,0.00000000
3,17,2013-01-31,Asset_16,0.00000000
3,17,2013-01-31,Asset_17,0.00000000
3,17,2013-01-31,Asset_18,0.00000000
3,17,2013-01-31,Asset_19,0.00000000
3,17,2013-01-31,Asset_20,0.00132278
3,17,2013-01-31,Asset_21,0.00000000
3,17,2013-01-31,Asset_22,0.22771811
3,17,2013-01-31,Asset_23,0.00120579
3,17,2013-01-31,Asset_24,0.09806912
3,17,2013-01-31,Asset_25,0.11110005
3,17,2013-01-31,Asset_26,0.00104919
3,17,2013-01-31,Asset_27,0.00000000
3,17,2013-01-31,Asset_28,0.00015694
3,17,2013-01-31,Asset_29,0.12903723
3,17,2013-01-31,Asset_30,0.00008342
3,17,2013-01-31,Asset_31,0.00000000
3,17,2013-01-31,Asset_32,0.00000000
3,17,2013-01-31,Asset_33,0.00000000
3,18,2013-07-31,Asset_1,0.00000000
3,18,2013-07-31,Asset_2,0.00000000
3,18,2013-07-31,Asset_3,0.00000000
3,18,2013-07-31,Asset_4,0.06036876
3,18,2013-07-31,Asset_5,0.19942035
3,18,2013-07-31,Asset_6,0.17159262
3,18,2013-07-31,Asset_7,0.00000000
3,18,2013-07-31,Asset_8,0.00000000
3,18,2013-07-31,Asset_9,0.00000000
3,18,2013-07-31,Asset_10,0.00044048
3,18,2013-07-31,Asset_11,0.00081312
3,18,2013-07-31,Asset_12,0.02799621
3,18,2013-07-31,Asset_13,0.00000000
3,18,2013-07-31,Asset_14,0.00000000
3,18,2013-07-31,Asset_15,0.00000000
3,18,2013-07-31,Asset_16,0.08000000
3,18,2013-07-31,Asset_17,0.00000000
3,18,2013-07-31,Asset_18,0.00000000
3,18,2013-07-31,Asset_19,0.00000000
3,18,2013-07-31,Asset_20,0.00071405
3,18,2013-07-31,Asset_21,0.00000000
3,18,2013-07-31,Asset_22,0.18008054
3,18,2013-07-31,Asset_23,0.00123760
3,18,2013-07-31,Asset_24,0.05751262
3,18,2013-07-31,Asset_25,0.06200843
3,18,2013-07-31,Asset_26,0.00040265
3,18,2013-07-31,Asset_27,0.08000000
3,18,2013-07-31,Asset_28,0.00010029
3,18,2013-07-31,Asset_29,0.07725920
3,18,2013-07-31,Asset_30,0.00005309
3,18,2013-07-31,Asset_31,0.00000000
3,18,2013-07-31,Asset_32,0.00000000
3,18,2013-07-31,Asset_33,0.00000000
3,19,2014-01-31,Asset_1,0.00000000
3,19,2014-01-31,Asset_2,0.00000000
3,19,2014-01-31,Asset_3,0.07999955
3,19,2014-01-31,Asset_4,0.03213963
3,19,2014-01-31,Asset_5,0.18753370
3,19,2014-01-31,Asset_6,0.19039209
3,19,2014-01-31,Asset_7,0.00000000
3,19,2014-01-31,Asset_8,0.00000000
3,19,2014-01-31,Asset_9,0.00000000
3,19,2014-01-31,Asset_10,0.00026729
3,19,2014-01-31,Asset_11,0.00053150
3,19,2014-01-31,Asset_12,0.01616992
3,19,2014-01-31,Asset_13,0.00000043
3,19,2014-01-31,Asset_14,0.00000011
3,19,2014-01-31,Asset_15,0.00000040
3,19,2014-01-31,Asset_16,0.05197813
3,19,2014-01-31,Asset_17,0.00000000
3,19,2014-01-31,Asset_18,0.00000000
3,19,2014-01-31,Asset_19,0.00000000
3,19,2014-01-31,Asset_20,0.00042599
3,19,2014-01-31,Asset_21,0.00000008
3,19,2014-01-31,Asset_22,0.21784941
3,19,2014-01-31,Asset_23,0.00075497
3,19,2014-01-31,Asset_24,0.03047611
3,19,2014-01-31,Asset_25,0.02943172
3,19,2014-01-31,Asset_26,0.00016819
3,19,2014-01-31,Asset_27,0.12797159
3,19,2014-01-31,Asset_28,0.00004974
3,19,2014-01-31,Asset_29,0.03383293
3,19,2014-01-31,Asset_30,0.00002650
3,19,2014-01-31,Asset_31,0.00000000
3,19,2014-01-31,Asset_32,0.00000000
3,19,2014-01-31,Asset_33,0.00000000
3,20,2014-07-31,Asset_1,0.05194726
3,20,2014-07-31,Asset_2,0.00000000
3,20,2014-07-31,Asset_3,0.03601560
3,20,2014-07-31,Asset_4,0.01924602
3,20,2014-07-31,Asset_5,0.12078268
3,20,2014-07-31,Asset_6,0.18742235
3,20,2014-07-31,Asset_7,0.00000000
3,20,2014-07-31,Asset_8,0.00000000
3,20,2014-07-31,Asset_9,0.00000000
3,20,2014-07-31,Asset_10,0.00015296
3,20,2014-07-31,Asset_11,0.07339015
3,20,2014-07-31,Asset_12,0.01004625
3,20,2014-07-31,Asset_13,0.00000022
3,20,2014-07-31,Asset_14,0.00000006
3,20,2014-07-31,Asset_15,0.00000023
3,20,2014-07-31,Asset_16,0.02710387
3,20,2014-07-31,Asset_17,0.00000000
3,20,2014-07-31,Asset_18,0.00000000
3,20,2014-07-31,Asset_19,0.00000000
3,20,2014-07-31,Asset_20,0.05275568
3,20,2014-07-31,Asset_21,0.00000004
3,20,2014-07-31,Asset_22,0.22497553
3,20,2014-07-31,Asset_23,0.00052057
3,20,2014-07-31,Asset_24,0.01689883
3,20,2014-07-31,Asset_25,0.01764749
3,20,2014-07-31,Asset_26,0.00010618
3,20,2014-07-31,Asset_27,0.13846699
3,20,2014-07-31,Asset_28,0.00003456
3,20,2014-07-31,Asset_29,0.02246767
3,20,2014-07-31,Asset_30,0.00001881
3,20,2014-07-31,Asset_31,0.00000000
3,20,2014-07-31,Asset_32,0.00000000
3,20,2014-07-31,Asset_33,0.00000000
